img.path,H.mode,H.std,S.mode,S.std,V.mode,V.std
../clean_imgs/playboy_imgs/Playboy - 1953 - cover.jpeg,78,0.00373490573838,252,0.0100482814014,251,0.0115295723081
../clean_imgs/playboy_imgs/Playboy - 1954-01 - cover.jpeg,129,0.00334591674618,244,0.00351903075352,249,0.00399168767035
../clean_imgs/playboy_imgs/Playboy - 1954-02 - cover.jpeg,1,0.0120495129377,1,0.00701466947794,1,0.0076465876773
../clean_imgs/playboy_imgs/Playboy - 1954-03 - cover.jpeg,31,0.011849633418,88,0.0103564141318,184,0.0109740933403
../clean_imgs/playboy_imgs/Playboy - 1954-04 - cover.jpeg,173,0.00338260014541,234,0.00407755794004,231,0.00420944020152
../clean_imgs/playboy_imgs/Playboy - 1954-05 - cover.jpeg,101,0.0035420586355,154,0.00371561478823,141,0.00399585347623
../clean_imgs/playboy_imgs/Playboy - 1954-06 - cover.jpeg,102,0.00601858180016,60,0.0056921178475,55,0.00610423227772
../clean_imgs/playboy_imgs/Playboy - 1954-07 - cover.jpeg,114,0.0114382663742,202,0.00741255190223,234,0.00884962454438
../clean_imgs/playboy_imgs/Playboy - 1954-08 - cover.jpeg,73,0.00634946255013,197,0.00903869885951,253,0.00899320282042
../clean_imgs/playboy_imgs/Playboy - 1954-09 - cover.jpeg,44,0.00462651252747,242,0.00570222176611,245,0.00550743704662
../clean_imgs/playboy_imgs/Playboy - 1954-10 - cover.jpeg,6,0.00586472311988,242,0.0159727409482,239,0.0165132340044
../clean_imgs/playboy_imgs/Playboy - 1954-11 - cover.jpeg,3,0.00841434020549,2,0.0111807053909,26,0.0044301636517
../clean_imgs/playboy_imgs/Playboy - 1954-12 - cover.jpeg,113,0.00239361519925,149,0.00246418011375,155,0.00287512666546
../clean_imgs/playboy_imgs/Playboy - 1955-01 - cover.jpeg,74,0.00276803830639,250,0.00627594441175,251,0.00779211893678
../clean_imgs/playboy_imgs/Playboy - 1955-02 - cover.jpeg,89,0.00362008437514,228,0.0077803414315,231,0.00754063995555
../clean_imgs/playboy_imgs/Playboy - 1955-04 - cover.jpeg,62,0.00752719584852,132,0.00477413414046,191,0.00647193053737
../clean_imgs/playboy_imgs/Playboy - 1955-05 - cover.jpeg,37,0.0067233000882,13,0.00471861753613,7,0.00429352093488
../clean_imgs/playboy_imgs/Playboy - 1955-06 - cover.jpeg,125,0.002931735944,41,0.00293047726154,143,0.00396554730833
../clean_imgs/playboy_imgs/Playboy - 1955-07 - cover.jpeg,109,0.00582741107792,196,0.00277938460931,207,0.00491877412423
../clean_imgs/playboy_imgs/Playboy - 1955-08 - cover.jpeg,148,0.0048220413737,136,0.00403717858717,128,0.00385451712646
../clean_imgs/playboy_imgs/Playboy - 1955-09 - cover.jpeg,170,0.00727422721684,195,0.0070660430938,201,0.00711201690137
../clean_imgs/playboy_imgs/Playboy - 1955-10 - cover.jpeg,75,0.0026636722032,255,0.00244910921901,255,0.00289541715756
../clean_imgs/playboy_imgs/Playboy - 1955-11 - cover.jpeg,43,0.00489023560658,45,0.00404250528663,255,0.00359612866305
../clean_imgs/playboy_imgs/Playboy - 1955-12 - cover.jpeg,91,0.00271412963048,49,0.00260691833682,151,0.00264100241475
../clean_imgs/playboy_imgs/Playboy - 1956-01 - cover.jpeg,55,0.00300611089915,219,0.00475132931024,224,0.00528869591653
../clean_imgs/playboy_imgs/Playboy - 1956-02 - cover.jpeg,111,0.00472523458302,73,0.00349879614078,65,0.00313208415173
../clean_imgs/playboy_imgs/Playboy - 1956-03 - cover.jpeg,71,0.00463834218681,48,0.00398111669347,47,0.00372440204956
../clean_imgs/playboy_imgs/Playboy - 1956-04 - cover.jpeg,17,0.0141947604716,234,0.011014145799,242,0.0108503671363
../clean_imgs/playboy_imgs/Playboy - 1956-05 - cover.jpeg,54,0.00314533244818,254,0.00345903332345,190,0.00351870898157
../clean_imgs/playboy_imgs/Playboy - 1956-06 - cover.jpeg,133,0.00507894996554,98,0.00441412534565,82,0.00350724696182
../clean_imgs/playboy_imgs/Playboy - 1956-07 - cover.jpeg,60,0.0061561781913,43,0.00485352007672,141,0.00410221377388
../clean_imgs/playboy_imgs/Playboy - 1956-08 - cover.jpeg,164,0.00454477127641,190,0.00353680946864,205,0.00438305782154
../clean_imgs/playboy_imgs/Playboy - 1956-09 - cover.jpeg,48,0.00428770389408,34,0.00348048657179,40,0.00336753181182
../clean_imgs/playboy_imgs/Playboy - 1956-10 - cover.jpeg,178,0.00457507371902,208,0.0062085618265,211,0.00668837642297
../clean_imgs/playboy_imgs/Playboy - 1956-11 - cover.jpeg,38,0.00332837062888,175,0.00355320237577,170,0.00303576211445
../clean_imgs/playboy_imgs/Playboy - 1956-12 - cover.jpeg,36,0.00386364478618,248,0.00917736254632,253,0.0115276817232
../clean_imgs/playboy_imgs/Playboy - 1957-01 - cover.jpeg,37,0.0061822864227,26,0.00529172318056,219,0.00553484773263
../clean_imgs/playboy_imgs/Playboy - 1957-02 - cover.jpeg,3,0.0157249774784,32,0.00928685534745,192,0.0107388580218
../clean_imgs/playboy_imgs/Playboy - 1957-03 - cover.jpeg,17,0.00373181537725,5,0.00440393853933,3,0.00474177673459
../clean_imgs/playboy_imgs/Playboy - 1957-04 - cover.jpeg,119,0.00474085705355,2,0.00513137644157,207,0.00457330886275
../clean_imgs/playboy_imgs/Playboy - 1957-05 - cover.jpeg,163,0.00285416538827,232,0.00312585593201,234,0.00276888231747
../clean_imgs/playboy_imgs/Playboy - 1957-06 - cover.jpeg,33,0.012122024782,255,0.029169248417,253,0.0340575873852
../clean_imgs/playboy_imgs/Playboy - 1957-07 - cover.jpeg,155,0.00346227968112,167,0.00332602392882,193,0.00414768839255
../clean_imgs/playboy_imgs/Playboy - 1957-08 - cover.jpeg,142,0.00477477023378,141,0.00356913730502,119,0.00315293809399
../clean_imgs/playboy_imgs/Playboy - 1957-09 - cover.jpeg,99,0.00694421911612,47,0.00619960995391,163,0.00713415071368
../clean_imgs/playboy_imgs/Playboy - 1957-10 - cover.jpeg,39,0.00698814215139,39,0.0069762035273,49,0.00587496766821
../clean_imgs/playboy_imgs/Playboy - 1957-11 - cover.jpeg,179,0.00537765212357,220,0.0112974988297,235,0.0115364128724
../clean_imgs/playboy_imgs/Playboy - 1957-12 - cover.jpeg,135,0.00294273323379,230,0.00704973563552,239,0.00697197532281
../clean_imgs/playboy_imgs/Playboy - 1958-01 - cover.jpeg,172,0.00484525645152,180,0.00431249942631,191,0.00446038646623
../clean_imgs/playboy_imgs/Playboy - 1958-02 - cover.jpeg,74,0.00398544454947,160,0.00661008153111,142,0.00696416804567
../clean_imgs/playboy_imgs/Playboy - 1958-03 - cover.jpeg,34,0.00758107332513,26,0.00520422868431,32,0.00490627717227
../clean_imgs/playboy_imgs/Playboy - 1958-04 - cover.jpeg,62,0.0075450562872,70,0.00596707360819,57,0.00535701261833
../clean_imgs/playboy_imgs/Playboy - 1958-05 - cover.jpeg,104,0.00417818082497,159,0.00424400670454,177,0.00477649783716
../clean_imgs/playboy_imgs/Playboy - 1958-06 - cover.jpeg,20,0.0108776222914,3,0.0133743118495,3,0.0133246146142
../clean_imgs/playboy_imgs/Playboy - 1958-07 - cover.jpeg,76,0.00689308578148,217,0.00524944160134,228,0.00624037906528
../clean_imgs/playboy_imgs/Playboy - 1958-08 - cover.jpeg,128,0.00613968959078,254,0.0194231476635,254,0.0192247852683
../clean_imgs/playboy_imgs/Playboy - 1958-09 - cover.jpeg,166,0.00719837518409,197,0.00383552303538,141,0.00359272770584
../clean_imgs/playboy_imgs/Playboy - 1958-10 - cover.jpeg,118,0.00430789962411,79,0.00417826231569,159,0.00458527496085
../clean_imgs/playboy_imgs/Playboy - 1958-11 - cover.jpeg,42,0.00468574883416,231,0.0156260784715,237,0.0167712401599
../clean_imgs/playboy_imgs/Playboy - 1958-12 - cover.jpeg,32,0.00545404246077,248,0.00979064032435,252,0.0115871410817
../clean_imgs/playboy_imgs/Playboy - 1959-01 - cover.jpeg,35,0.00920345354825,39,0.00719603803009,39,0.00709491269663
../clean_imgs/playboy_imgs/Playboy - 1959-02 - cover.jpeg,3,0.0128565011546,3,0.0126162599772,160,0.00416913907975
../clean_imgs/playboy_imgs/Playboy - 1959-03 - cover.jpeg,82,0.0146000366658,221,0.0172538198531,243,0.0171971023083
../clean_imgs/playboy_imgs/Playboy - 1959-04 - cover.jpeg,104,0.0086145568639,61,0.00875069480389,47,0.0101161208004
../clean_imgs/playboy_imgs/Playboy - 1959-05 - cover.jpeg,178,0.00405695475638,210,0.00522459344938,210,0.00579502433538
../clean_imgs/playboy_imgs/Playboy - 1959-06 - cover.jpeg,92,0.0124166347086,191,0.00948403775692,188,0.009107561782
../clean_imgs/playboy_imgs/Playboy - 1959-07 - cover.jpeg,42,0.0060131684877,212,0.00864620599896,193,0.00817686505616
../clean_imgs/playboy_imgs/Playboy - 1959-08 - cover.jpeg,1,0.0331385433674,4,0.0205597970635,186,0.0131145166233
../clean_imgs/playboy_imgs/Playboy - 1959-09 - cover.jpeg,44,0.0071244048886,49,0.00489562284201,82,0.00361432763748
../clean_imgs/playboy_imgs/Playboy - 1959-10 - cover.jpeg,1,0.00503042340279,255,0.0409268215299,255,0.0402435436845
../clean_imgs/playboy_imgs/Playboy - 1959-11 - cover.jpeg,6,0.029132142663,0,0.028797371313,1,0.0306969545782
../clean_imgs/playboy_imgs/Playboy - 1959-12 - cover.jpeg,95,0.00927235931158,184,0.00612776959315,233,0.00869001355022
../clean_imgs/playboy_imgs/Playboy - 1960-01 - cover.jpeg,131,0.00586606701836,255,0.00518791843206,255,0.00537395756692
../clean_imgs/playboy_imgs/Playboy - 1960-02 - cover.jpeg,44,0.0042481739074,254,0.0198576375842,254,0.0210958123207
../clean_imgs/playboy_imgs/Playboy - 1960-03 - cover.jpeg,172,0.00610987050459,226,0.00568183045834,244,0.00702337734401
../clean_imgs/playboy_imgs/Playboy - 1960-04 - cover.jpeg,29,0.00946462526917,8,0.00753750558943,8,0.007024734281
../clean_imgs/playboy_imgs/Playboy - 1960-05 - cover.jpeg,70,0.00374965951778,255,0.00368844973855,255,0.00312887807377
../clean_imgs/playboy_imgs/Playboy - 1960-06 - cover.jpeg,86,0.00526835722849,15,0.00230286712758,235,0.00252608535811
../clean_imgs/playboy_imgs/Playboy - 1960-07 - cover.jpeg,179,0.00375220621936,255,0.00345848011784,255,0.00441412534565
../clean_imgs/playboy_imgs/Playboy - 1960-08 - cover.jpeg,179,0.00980509631336,210,0.0114562939852,213,0.0110516780987
../clean_imgs/playboy_imgs/Playboy - 1960-09 - cover.jpeg,63,0.00922704581171,255,0.00548837846145,168,0.00591116584837
../clean_imgs/playboy_imgs/Playboy - 1960-10 - cover.jpeg,43,0.00518490327522,255,0.0136443208903,253,0.0195765253156
../clean_imgs/playboy_imgs/Playboy - 1960-11 - cover.jpeg,27,0.0234108176082,4,0.0176268443465,8,0.0178282167763
../clean_imgs/playboy_imgs/Playboy - 1960-12 - cover.jpeg,68,0.00385703705251,231,0.011279899627,235,0.0116110946983
../clean_imgs/playboy_imgs/Playboy - 1961-01 - cover.jpeg,179,0.00264600571245,203,0.00352245848626,213,0.00392530905083
../clean_imgs/playboy_imgs/Playboy - 1961-02 - cover.jpeg,32,0.0138636343181,16,0.0091605251655,180,0.00779747962952
../clean_imgs/playboy_imgs/Playboy - 1961-03 - cover.jpeg,177,0.00546297524124,208,0.00471280375496,225,0.00613187300041
../clean_imgs/playboy_imgs/Playboy - 1961-04 - cover.jpeg,102,0.00498145911843,255,0.00472934031859,255,0.00506175076589
../clean_imgs/playboy_imgs/Playboy - 1961-05 - cover.jpeg,132,0.00588381430134,255,0.00370754417963,238,0.00537273660302
../clean_imgs/playboy_imgs/Playboy - 1961-06 - cover.jpeg,41,0.00400215713307,255,0.0140302274376,253,0.0172470584512
../clean_imgs/playboy_imgs/Playboy - 1961-07 - cover.jpeg,16,0.00992990657687,7,0.0108196791261,255,0.00701370136812
../clean_imgs/playboy_imgs/Playboy - 1961-08 - cover.jpeg,120,0.00472713448107,255,0.00608066143468,255,0.00684199854732
../clean_imgs/playboy_imgs/Playboy - 1961-09 - cover.jpeg,178,0.00710748881102,255,0.00472277030349,232,0.00485453382134
../clean_imgs/playboy_imgs/Playboy - 1961-10 - cover.jpeg,30,0.00918598938733,28,0.00760087184608,255,0.00421265838668
../clean_imgs/playboy_imgs/Playboy - 1961-11 - cover.jpeg,26,0.0126711558551,11,0.010475971736,27,0.00833509955555
../clean_imgs/playboy_imgs/Playboy - 1961-12 - cover.jpeg,102,0.0120964599773,146,0.00820784177631,160,0.0079650413245
../clean_imgs/playboy_imgs/Playboy - 1962-01 - cover.jpeg,57,0.0049287811853,255,0.0030255431775,255,0.00211414601654
../clean_imgs/playboy_imgs/Playboy - 1962-02 - cover.jpeg,1,0.00593523867428,255,0.00905059836805,255,0.0108974101022
../clean_imgs/playboy_imgs/Playboy - 1962-03 - cover.jpeg,9,0.0046195499599,7,0.00393601041287,255,0.00338376383297
../clean_imgs/playboy_imgs/Playboy - 1962-04 - cover.jpeg,40,0.0033253217116,255,0.00353782507591,255,0.00259600416757
../clean_imgs/playboy_imgs/Playboy - 1962-05 - cover.jpeg,34,0.0100390445441,44,0.00817290972918,64,0.00702892476693
../clean_imgs/playboy_imgs/Playboy - 1962-06 - cover.jpeg,70,0.00536347832531,255,0.00365041056648,255,0.00430166302249
../clean_imgs/playboy_imgs/Playboy - 1962-07 - cover.jpeg,31,0.00999005418271,0,0.00899711437523,2,0.0099670290947
../clean_imgs/playboy_imgs/Playboy - 1962-08 - cover.jpeg,120,0.00736958021298,255,0.00622137403116,255,0.00554749183357
../clean_imgs/playboy_imgs/Playboy - 1962-09 - cover.jpeg,1,0.00371620501392,255,0.0180602353066,254,0.017074951902
../clean_imgs/playboy_imgs/Playboy - 1962-10 - cover.jpeg,56,0.00717278942466,255,0.0063918097876,255,0.00675563234836
../clean_imgs/playboy_imgs/Playboy - 1962-11 - cover.jpeg,16,0.0109091605991,32,0.0103705683723,26,0.00973509997129
../clean_imgs/playboy_imgs/Playboy - 1962-12 - cover.jpeg,179,0.00457038590685,225,0.00813415832818,236,0.00898860301822
../clean_imgs/playboy_imgs/Playboy - 1963-01 - cover.jpeg,10,0.00752718281001,255,0.00643120193854,255,0.00444289250299
../clean_imgs/playboy_imgs/Playboy - 1963-02 - cover.jpeg,64,0.00746047822759,255,0.00788306351751,255,0.00685610529035
../clean_imgs/playboy_imgs/Playboy - 1963-03 - cover.jpeg,46,0.00645105633885,77,0.00555046927184,201,0.00736258365214
../clean_imgs/playboy_imgs/Playboy - 1963-04 - cover.jpeg,30,0.00357267539948,2,0.00868613924831,2,0.00957904849201
../clean_imgs/playboy_imgs/Playboy - 1963-05 - cover.jpeg,83,0.00933799520135,170,0.00543253356591,206,0.00716348225251
../clean_imgs/playboy_imgs/Playboy - 1963-06 - cover.jpeg,178,0.00337066408247,227,0.00837586261332,238,0.00877855252475
../clean_imgs/playboy_imgs/Playboy - 1963-07 - cover.jpeg,66,0.00417510140687,255,0.00319848977961,255,0.00234967353754
../clean_imgs/playboy_imgs/Playboy - 1963-08 - cover.jpeg,27,0.00464157294482,255,0.00466054677963,255,0.00435965927318
../clean_imgs/playboy_imgs/Playboy - 1963-09 - cover.jpeg,45,0.021443400532,37,0.0144242234528,38,0.0123735209927
../clean_imgs/playboy_imgs/Playboy - 1963-10 - cover.jpeg,112,0.00510377902538,117,0.00410475488752,81,0.00332388631068
../clean_imgs/playboy_imgs/Playboy - 1963-11 - cover.jpeg,178,0.00550554087386,192,0.00425509922206,195,0.00448127277195
../clean_imgs/playboy_imgs/Playboy - 1963-12 - cover.jpeg,99,0.0161405391991,254,0.0193437598646,254,0.0263617876917
../clean_imgs/playboy_imgs/Playboy - 1964-01 - cover.jpeg,179,0.00444646365941,255,0.00524315843359,255,0.00497952057049
../clean_imgs/playboy_imgs/Playboy - 1964-02 - cover.jpeg,27,0.00856386497617,36,0.00725003750995,255,0.00586874270812
../clean_imgs/playboy_imgs/Playboy - 1964-03 - cover.jpeg,12,0.0035890978761,255,0.00274914968759,255,0.00316579430364
../clean_imgs/playboy_imgs/Playboy - 1964-04 - cover.jpeg,30,0.00797452405095,16,0.00692820129916,17,0.00506039243191
../clean_imgs/playboy_imgs/Playboy - 1964-05 - cover.jpeg,40,0.0121001368389,26,0.0091859921813,33,0.00992134958506
../clean_imgs/playboy_imgs/Playboy - 1964-06 - cover.jpeg,160,0.00866359658539,111,0.00671759573743,84,0.00676327059045
../clean_imgs/playboy_imgs/Playboy - 1964-07 - cover.jpeg,179,0.00617094850168,204,0.00600414723158,217,0.00627772370353
../clean_imgs/playboy_imgs/Playboy - 1964-08 - cover.jpeg,96,0.00456713652238,255,0.00429990142584,255,0.00422615325078
../clean_imgs/playboy_imgs/Playboy - 1964-09 - cover.jpeg,39,0.00861673988402,26,0.00562659325078,19,0.00508120330051
../clean_imgs/playboy_imgs/Playboy - 1964-10 - cover.jpeg,30,0.00847028009593,26,0.00651936791837,34,0.00678817648441
../clean_imgs/playboy_imgs/Playboy - 1964-11 - cover.jpeg,78,0.00598558690399,127,0.00473783025518,160,0.00469780527055
../clean_imgs/playboy_imgs/Playboy - 1964-12 - cover.jpeg,30,0.00374743412249,255,0.00930306129158,255,0.00989514868706
../clean_imgs/playboy_imgs/Playboy - 1965-01 - cover.jpeg,50,0.00413553696126,255,0.00284400093369,255,0.00290431920439
../clean_imgs/playboy_imgs/Playboy - 1965-02 - cover.jpeg,36,0.00778884580359,16,0.00519175687805,30,0.0061546061188
../clean_imgs/playboy_imgs/Playboy - 1965-03 - cover.jpeg,158,0.00411453796551,255,0.0221153907478,255,0.0209252443165
../clean_imgs/playboy_imgs/Playboy - 1965-04 - cover.jpeg,79,0.00712640583515,255,0.00471652299166,255,0.00563522847369
../clean_imgs/playboy_imgs/Playboy - 1965-05 - cover.jpeg,40,0.00747861387208,26,0.00582824181765,255,0.00569362007082
../clean_imgs/playboy_imgs/Playboy - 1965-06 - cover.jpeg,16,0.00393514009193,255,0.00322986301035,255,0.00313878548332
../clean_imgs/playboy_imgs/Playboy - 1965-07 - cover.jpeg,95,0.00739492103457,61,0.00747501291335,55,0.0074492264539
../clean_imgs/playboy_imgs/Playboy - 1965-08 - cover.jpeg,115,0.00689212745056,111,0.00583910057321,216,0.012359241955
../clean_imgs/playboy_imgs/Playboy - 1965-09 - cover.jpeg,30,0.0129879014567,8,0.00939293485135,26,0.00807194504887
../clean_imgs/playboy_imgs/Playboy - 1965-10 - cover.jpeg,174,0.00810520444065,194,0.00621969858184,201,0.00668471446261
../clean_imgs/playboy_imgs/Playboy - 1965-11 - cover.jpeg,47,0.00466328999028,255,0.00409875623882,255,0.0041832132265
../clean_imgs/playboy_imgs/Playboy - 1965-12 - cover.jpeg,77,0.022006560117,116,0.0169998146594,139,0.0164349284023
../clean_imgs/playboy_imgs/Playboy - 1966-01 - cover.jpeg,44,0.00672677857801,255,0.0329818800092,254,0.0307712852955
../clean_imgs/playboy_imgs/Playboy - 1966-02 - cover.jpeg,39,0.00674102688208,255,0.00492553412914,255,0.00479647191241
../clean_imgs/playboy_imgs/Playboy - 1966-03 - cover.jpeg,179,0.00632894271985,181,0.00502694165334,163,0.00470240879804
../clean_imgs/playboy_imgs/Playboy - 1966-04 - cover.jpeg,50,0.0202017184347,61,0.0133168436587,165,0.0109869791195
../clean_imgs/playboy_imgs/Playboy - 1966-05 - cover.jpeg,7,0.0143026458099,1,0.0133832329884,2,0.0135489348322
../clean_imgs/playboy_imgs/Playboy - 1966-06 - cover.jpeg,22,0.0083340248093,255,0.028397211805,254,0.0262980423868
../clean_imgs/playboy_imgs/Playboy - 1966-07 - cover.jpeg,63,0.00539666367695,217,0.00707370508462,222,0.007125611417
../clean_imgs/playboy_imgs/Playboy - 1966-08 - cover.jpeg,67,0.00511651206762,56,0.00330414692871,156,0.00389772187918
../clean_imgs/playboy_imgs/Playboy - 1966-09 - cover.jpeg,179,0.00265654595569,183,0.00541006447747,169,0.00517644127831
../clean_imgs/playboy_imgs/Playboy - 1966-10 - cover.jpeg,29,0.0115590402856,88,0.00763309653848,214,0.00810568593442
../clean_imgs/playboy_imgs/Playboy - 1966-11 - cover.jpeg,128,0.00902810692787,73,0.00744261266664,57,0.00610170420259
../clean_imgs/playboy_imgs/Playboy - 1966-12 - cover.jpeg,4,0.0121583240107,1,0.0141229834408,137,0.00731620332226
../clean_imgs/playboy_imgs/Playboy - 1967-01 - cover.jpeg,88,0.0058760358952,255,0.00464001251385,169,0.00488750310615
../clean_imgs/playboy_imgs/Playboy - 1967-02 - cover.jpeg,178,0.00771194696426,255,0.00570719270036,255,0.00573695730418
../clean_imgs/playboy_imgs/Playboy - 1967-03 - cover.jpeg,16,0.00685036089271,8,0.00439713150263,255,0.00315937283449
../clean_imgs/playboy_imgs/Playboy - 1967-04 - cover.jpeg,179,0.00387955852784,255,0.00403293920681,255,0.0042985114269
../clean_imgs/playboy_imgs/Playboy - 1967-05 - cover.jpeg,76,0.0101304352283,255,0.00595667120069,255,0.00630958238617
../clean_imgs/playboy_imgs/Playboy - 1967-06 - cover.jpeg,130,0.00441602896899,255,0.00509659806266,255,0.00513613084331
../clean_imgs/playboy_imgs/Playboy - 1967-07 - cover.jpeg,102,0.00746483029798,255,0.00606802105904,255,0.00741751352325
../clean_imgs/playboy_imgs/Playboy - 1967-08 - cover.jpeg,48,0.00481097307056,255,0.00404931046069,255,0.00398643035442
../clean_imgs/playboy_imgs/Playboy - 1967-09 - cover.jpeg,96,0.00903619173914,76,0.00785161554813,58,0.0081076938659
../clean_imgs/playboy_imgs/Playboy - 1967-10 - cover.jpeg,38,0.00737656513229,16,0.00647922744974,10,0.00695274118334
../clean_imgs/playboy_imgs/Playboy - 1967-11 - cover.jpeg,40,0.0124285398051,37,0.00981366634369,45,0.00882922112942
../clean_imgs/playboy_imgs/Playboy - 1967-12 - cover.jpeg,78,0.00646497914568,116,0.00593762006611,74,0.00573389278725
../clean_imgs/playboy_imgs/Playboy - 1968-01 - cover.jpeg,105,0.00730840070173,45,0.00619250629097,93,0.00580393383279
../clean_imgs/playboy_imgs/Playboy - 1968-02 - cover.jpeg,31,0.0053135631606,255,0.00532349571586,255,0.0056980359368
../clean_imgs/playboy_imgs/Playboy - 1968-03 - cover.jpeg,26,0.010199368,11,0.00900576543063,19,0.0076462761499
../clean_imgs/playboy_imgs/Playboy - 1968-04 - cover.jpeg,56,0.00884253997356,255,0.00424049887806,255,0.00377160520293
../clean_imgs/playboy_imgs/Playboy - 1968-05 - cover.jpeg,58,0.00508990045637,41,0.00561729120091,255,0.00349820428528
../clean_imgs/playboy_imgs/Playboy - 1968-06 - cover.jpeg,147,0.00591230252758,207,0.00621788948774,231,0.00861858669668
../clean_imgs/playboy_imgs/Playboy - 1968-07 - cover.jpeg,31,0.0047978325747,255,0.0035860252101,255,0.00296570220962
../clean_imgs/playboy_imgs/Playboy - 1968-08 - cover.jpeg,27,0.00535419117659,223,0.00479611381888,229,0.00494620157406
../clean_imgs/playboy_imgs/Playboy - 1968-09 - cover.jpeg,129,0.00562161579728,70,0.00478806113824,62,0.0033120685257
../clean_imgs/playboy_imgs/Playboy - 1968-10 - cover.jpeg,70,0.0141481887549,49,0.0105771785602,49,0.00934384390712
../clean_imgs/playboy_imgs/Playboy - 1968-11 - cover.jpeg,164,0.0107358694077,183,0.00760542787611,203,0.00774941407144
../clean_imgs/playboy_imgs/Playboy - 1968-12 - cover.jpeg,32,0.0164409615099,26,0.0115111172199,40,0.00760906282812
../clean_imgs/playboy_imgs/Playboy - 1969-01 - cover.jpeg,113,0.0129687711596,224,0.0169355664402,231,0.0166284106672
../clean_imgs/playboy_imgs/Playboy - 1969-02 - cover.jpeg,39,0.00638884445652,203,0.00581579841673,211,0.00602996721864
../clean_imgs/playboy_imgs/Playboy - 1969-03 - cover.jpeg,177,0.00813093036413,167,0.0070041725412,144,0.00660333642736
../clean_imgs/playboy_imgs/Playboy - 1969-04 - cover.jpeg,72,0.00794612802565,111,0.00610631750897,136,0.00526643637568
../clean_imgs/playboy_imgs/Playboy - 1969-05 - cover.jpeg,42,0.00518357148394,255,0.00297865807079,255,0.00286942953244
../clean_imgs/playboy_imgs/Playboy - 1969-06 - cover.jpeg,31,0.00326453964226,255,0.00261357636191,255,0.00317326141521
../clean_imgs/playboy_imgs/Playboy - 1969-07 - cover.jpeg,54,0.00563056580722,255,0.00367185217328,215,0.00556286703795
../clean_imgs/playboy_imgs/Playboy - 1969-08 - cover.jpeg,47,0.00606638612226,65,0.00388961727731,103,0.00340273161419
../clean_imgs/playboy_imgs/Playboy - 1969-09 - cover.jpeg,27,0.00708739133552,36,0.00720987003297,184,0.00781798362732
../clean_imgs/playboy_imgs/Playboy - 1969-10 - cover.jpeg,100,0.00822647474706,255,0.00345232035033,255,0.00505186524242
../clean_imgs/playboy_imgs/Playboy - 1969-11 - cover.jpeg,168,0.00515174726024,223,0.0081676505506,224,0.00755479652435
../clean_imgs/playboy_imgs/Playboy - 1969-12 - cover.jpeg,68,0.0054174317047,255,0.0037963243667,225,0.00419229688123
../clean_imgs/playboy_imgs/Playboy - 1970-01 - cover.jpeg,37,0.00542713189498,49,0.00464172102511,255,0.00331691140309
../clean_imgs/playboy_imgs/Playboy - 1970-02 - cover.jpeg,88,0.00538181420416,224,0.00523308617994,233,0.0063850726001
../clean_imgs/playboy_imgs/Playboy - 1970-03 - cover.jpeg,10,0.00679981103167,255,0.00496448669583,255,0.00392063008621
../clean_imgs/playboy_imgs/Playboy - 1970-04 - cover.jpeg,77,0.00982547178864,255,0.00626670895144,255,0.00727589149028
../clean_imgs/playboy_imgs/Playboy - 1970-05 - cover.jpeg,136,0.00707795936614,189,0.00526209641248,216,0.00570259196684
../clean_imgs/playboy_imgs/Playboy - 1970-06 - cover.jpeg,87,0.00757449306548,41,0.00538542075083,255,0.00327988597564
../clean_imgs/playboy_imgs/Playboy - 1970-07 - cover.jpeg,143,0.00865384563804,255,0.00660810200498,255,0.00656676106155
../clean_imgs/playboy_imgs/Playboy - 1970-08 - cover.jpeg,128,0.00569380167872,255,0.00522287376225,199,0.00594854867086
../clean_imgs/playboy_imgs/Playboy - 1970-09 - cover.jpeg,31,0.00395719520748,255,0.00311845075339,255,0.00284715788439
../clean_imgs/playboy_imgs/Playboy - 1970-10 - cover.jpeg,128,0.00462939636782,255,0.00446295924485,255,0.00401200633496
../clean_imgs/playboy_imgs/Playboy - 1970-11 - cover.jpeg,32,0.0069221034646,255,0.00437595043331,255,0.00365067832172
../clean_imgs/playboy_imgs/Playboy - 1970-12 - cover.jpeg,66,0.00825941842049,49,0.00591918779537,158,0.00641711615026
../clean_imgs/playboy_imgs/Playboy - 1972-01 - cover.jpeg,15,0.00723712751642,255,0.00594529788941,255,0.00498362863436
../clean_imgs/playboy_imgs/Playboy - 1972-02 - cover.jpeg,67,0.00615899916738,255,0.00529648829252,255,0.00504799047485
../clean_imgs/playboy_imgs/Playboy - 1972-03 - cover.jpeg,30,0.00999203696847,2,0.0135494833812,33,0.00744396075606
../clean_imgs/playboy_imgs/Playboy - 1972-04 - cover.jpeg,69,0.00532713532448,255,0.00367782474495,255,0.00345703447238
../clean_imgs/playboy_imgs/Playboy - 1972-05 - cover.jpeg,40,0.00554240541533,255,0.00404505478218,255,0.00352506316267
../clean_imgs/playboy_imgs/Playboy - 1972-06 - cover.jpeg,72,0.00520042190328,255,0.00596076762304,223,0.00706211244687
../clean_imgs/playboy_imgs/Playboy - 1972-07 - cover.jpeg,144,0.00335278385319,255,0.0026892432943,255,0.00336690549739
../clean_imgs/playboy_imgs/Playboy - 1972-08 - cover.jpeg,26,0.00178475142457,255,0.00216837110929,255,0.00322330277413
../clean_imgs/playboy_imgs/Playboy - 1972-09 - cover.jpeg,62,0.00442782323807,255,0.00573415169492,255,0.00586886890233
../clean_imgs/playboy_imgs/Playboy - 1972-10 - cover.jpeg,63,0.00670787878335,255,0.00485513731837,255,0.00519193708897
../clean_imgs/playboy_imgs/Playboy - 1972-11 - cover.jpeg,42,0.0134030468762,26,0.0136471111327,30,0.0110505931079
../clean_imgs/playboy_imgs/Playboy - 1972-12 - cover.jpeg,45,0.0108844479546,37,0.010901122354,38,0.00937792938203
../clean_imgs/playboy_imgs/Playboy - 1973-01 - cover.jpeg,137,0.00295714009553,255,0.00372878275812,255,0.0036715012975
../clean_imgs/playboy_imgs/Playboy - 1973-02 - cover.jpeg,2,0.00388624169864,224,0.00565643701702,232,0.00607234472409
../clean_imgs/playboy_imgs/Playboy - 1973-03 - cover.jpeg,12,0.0109178684652,3,0.0112109836191,4,0.0106048472226
../clean_imgs/playboy_imgs/Playboy - 1973-04 - cover.jpeg,72,0.00735075166449,255,0.00549788400531,255,0.00569615047425
../clean_imgs/playboy_imgs/Playboy - 1973-05 - cover.jpeg,27,0.00396470585838,255,0.00312902778387,255,0.00310678174719
../clean_imgs/playboy_imgs/Playboy - 1973-06 - cover.jpeg,16,0.00655786972493,255,0.0044652079232,255,0.00352964689955
../clean_imgs/playboy_imgs/Playboy - 1973-07 - cover.jpeg,17,0.00926141813397,32,0.00980686303228,178,0.009975457564
../clean_imgs/playboy_imgs/Playboy - 1973-08 - cover.jpeg,56,0.00426969956607,255,0.00418503349647,255,0.00456759193912
../clean_imgs/playboy_imgs/Playboy - 1973-09 - cover.jpeg,80,0.00514200516045,255,0.00332666980103,255,0.00470279064029
../clean_imgs/playboy_imgs/Playboy - 1973-10 - cover.jpeg,111,0.00347780622542,255,0.00258783739991,255,0.00348151871003
../clean_imgs/playboy_imgs/Playboy - 1973-11 - cover.jpeg,14,0.00575216440484,8,0.00539307342842,255,0.00355800264515
../clean_imgs/playboy_imgs/Playboy - 1973-12 - cover.jpeg,72,0.0101205585524,30,0.00802349392325,255,0.00693834014237
../clean_imgs/playboy_imgs/Playboy - 1974-01 - cover.jpeg,19,0.0197275225073,11,0.0167716834694,12,0.0166822709143
../clean_imgs/playboy_imgs/Playboy - 1974-02 - cover.jpeg,148,0.00317735876888,255,0.00348160881549,255,0.00449538603425
../clean_imgs/playboy_imgs/Playboy - 1974-03 - cover.jpeg,77,0.00744415679947,255,0.00526994327083,255,0.00551152741536
../clean_imgs/playboy_imgs/Playboy - 1974-04 - cover.jpeg,43,0.00399695010856,255,0.00297792395577,255,0.00268323882483
../clean_imgs/playboy_imgs/Playboy - 1974-05 - cover.jpeg,93,0.00443019531667,255,0.00428738584742,255,0.00347695033997
../clean_imgs/playboy_imgs/Playboy - 1974-06 - cover.jpeg,102,0.00398707110435,255,0.00363190867938,255,0.00297233182937
../clean_imgs/playboy_imgs/Playboy - 1974-07 - cover.jpeg,60,0.00869051553309,255,0.00401001982391,255,0.00423215609044
../clean_imgs/playboy_imgs/Playboy - 1974-08 - cover.jpeg,64,0.00452546635643,255,0.00338855036534,255,0.00391230359674
../clean_imgs/playboy_imgs/Playboy - 1974-09 - cover.jpeg,68,0.00383587693796,255,0.00436297245324,255,0.00376312527806
../clean_imgs/playboy_imgs/Playboy - 1974-10 - cover.jpeg,1,0.00303686782718,217,0.0049293152988,229,0.00526850484312
../clean_imgs/playboy_imgs/Playboy - 1974-11 - cover.jpeg,13,0.0119258044288,3,0.0102657526731,2,0.0078815324232
../clean_imgs/playboy_imgs/Playboy - 1974-12 - cover.jpeg,13,0.00908616743982,0,0.00916705001146,2,0.00968133192509
../clean_imgs/playboy_imgs/Playboy - 1975-01 - cover.jpeg,48,0.00368269183673,213,0.00290200533345,223,0.00299146678299
../clean_imgs/playboy_imgs/Playboy - 1975-02 - cover.jpeg,54,0.00555241946131,57,0.00407900428399,54,0.00361681194045
../clean_imgs/playboy_imgs/Playboy - 1975-03 - cover.jpeg,163,0.00773885566741,111,0.00678233988583,75,0.00666681770235
../clean_imgs/playboy_imgs/Playboy - 1975-04 - cover.jpeg,165,0.00321272038855,230,0.00300269969739,245,0.00429856590927
../clean_imgs/playboy_imgs/Playboy - 1975-05 - cover.jpeg,47,0.00582189485431,56,0.00469303084537,71,0.00367812206969
../clean_imgs/playboy_imgs/Playboy - 1975-06 - cover.jpeg,168,0.00597026059404,183,0.00492745311931,190,0.00515336310491
../clean_imgs/playboy_imgs/Playboy - 1975-07 - cover.jpeg,44,0.00784781388938,48,0.00528358342126,54,0.00447462685406
../clean_imgs/playboy_imgs/Playboy - 1975-08 - cover.jpeg,39,0.0057935314253,32,0.00438651395962,28,0.00381266674958
../clean_imgs/playboy_imgs/Playboy - 1975-09 - cover.jpeg,63,0.00558458827436,213,0.00361165753566,217,0.00395916029811
../clean_imgs/playboy_imgs/Playboy - 1975-10 - cover.jpeg,35,0.00376860867254,32,0.00174458324909,249,0.00233832723461
../clean_imgs/playboy_imgs/Playboy - 1975-11 - cover.jpeg,47,0.0101825417951,41,0.00696965586394,48,0.00603380007669
../clean_imgs/playboy_imgs/Playboy - 1975-12 - cover.jpeg,1,0.00395931722596,1,0.00487298611552,1,0.00413619400933
../clean_imgs/playboy_imgs/Playboy - 1976-01 - cover.jpeg,48,0.00844578351825,40,0.00637268740684,40,0.00615839380771
../clean_imgs/playboy_imgs/Playboy - 1976-02 - cover.jpeg,79,0.00633507641032,224,0.00437217392027,237,0.00443637417629
../clean_imgs/playboy_imgs/Playboy - 1976-03 - cover.jpeg,55,0.00903860293329,48,0.00590734556317,43,0.00292911753058
../clean_imgs/playboy_imgs/Playboy - 1976-04 - cover.jpeg,176,0.00503141665831,211,0.00367330899462,239,0.00488215405494
../clean_imgs/playboy_imgs/Playboy - 1976-05 - cover.jpeg,110,0.00436517875642,93,0.00325071439147,197,0.00346884224564
../clean_imgs/playboy_imgs/Playboy - 1976-06 - cover.jpeg,175,0.00401647714898,207,0.00383415841497,204,0.00396841205657
../clean_imgs/playboy_imgs/Playboy - 1976-07 - cover.jpeg,72,0.00699869729578,61,0.00559028564021,153,0.00335370260291
../clean_imgs/playboy_imgs/Playboy - 1976-08 - cover.jpeg,53,0.00726157566532,188,0.00657486822456,143,0.00515630235896
../clean_imgs/playboy_imgs/Playboy - 1976-09 - cover.jpeg,179,0.00740480097011,228,0.00775231653824,243,0.0073364446871
../clean_imgs/playboy_imgs/Playboy - 1976-10 - cover.jpeg,71,0.00419240025803,210,0.00280773639679,205,0.00338951847516
../clean_imgs/playboy_imgs/Playboy - 1976-11 - cover.jpeg,63,0.00527927419171,48,0.004268003162,225,0.00276625761762
../clean_imgs/playboy_imgs/Playboy - 1976-12 - cover.jpeg,49,0.00845684390515,49,0.00693914527074,40,0.00581223797053
../clean_imgs/playboy_imgs/Playboy - 1977-01 - cover.jpeg,64,0.00516427448019,41,0.00475901737809,31,0.00307520688511
../clean_imgs/playboy_imgs/Playboy - 1977-02 - cover.jpeg,64,0.00869448855519,95,0.00531404558569,63,0.00339919445105
../clean_imgs/playboy_imgs/Playboy - 1977-03 - cover.jpeg,55,0.0105522796512,88,0.00550008565187,235,0.00291756144725
../clean_imgs/playboy_imgs/Playboy - 1977-04 - cover.jpeg,51,0.00599687732756,73,0.00510101765394,71,0.00451385322958
../clean_imgs/playboy_imgs/Playboy - 1977-05 - cover.jpeg,79,0.00611610338092,244,0.00307528302073,239,0.00423200801015
../clean_imgs/playboy_imgs/Playboy - 1977-06 - cover.jpeg,69,0.00762291718274,111,0.00393130397424,70,0.00361899263225
../clean_imgs/playboy_imgs/Playboy - 1977-07 - cover.jpeg,61,0.00386941852048,230,0.00431349501014,217,0.00540978275239
../clean_imgs/playboy_imgs/Playboy - 1977-08 - cover.jpeg,55,0.00662447139621,49,0.00502096349373,55,0.00282519450411
../clean_imgs/playboy_imgs/Playboy - 1977-09 - cover.jpeg,73,0.0039764335379,112,0.00389481475577,80,0.00470861699432
../clean_imgs/playboy_imgs/Playboy - 1977-10 - cover.jpeg,179,0.0040492429398,197,0.00443749176338,201,0.00517727807164
../clean_imgs/playboy_imgs/Playboy - 1977-11 - cover.jpeg,48,0.00576150976121,47,0.00329550704919,48,0.00303264707327
../clean_imgs/playboy_imgs/Playboy - 1977-12 - cover.jpeg,15,0.00722971465439,12,0.00672518415377,141,0.00473196571693
../clean_imgs/playboy_imgs/Playboy - 1978-01 - cover.jpeg,20,0.00682611996308,15,0.00657885894179,13,0.00552884675562
../clean_imgs/playboy_imgs/Playboy - 1978-02 - cover.jpeg,80,0.00727511709556,247,0.00989088136703,244,0.0105981752276
../clean_imgs/playboy_imgs/Playboy - 1978-03 - cover.jpeg,37,0.00545652396977,49,0.00518683483824,39,0.00397574715316
../clean_imgs/playboy_imgs/Playboy - 1978-04 - cover.jpeg,63,0.0053240088746,73,0.00558597967029,47,0.00393806351349
../clean_imgs/playboy_imgs/Playboy - 1978-05 - cover.jpeg,48,0.00689079752192,48,0.00461642723531,39,0.0037971267011
../clean_imgs/playboy_imgs/Playboy - 1978-06 - cover.jpeg,52,0.0104186572134,61,0.00685870274901,53,0.00608903728426
../clean_imgs/playboy_imgs/Playboy - 1978-07 - cover.jpeg,47,0.00391711760312,48,0.00292291073129,143,0.00297000515275
../clean_imgs/playboy_imgs/Playboy - 1978-08 - cover.jpeg,61,0.00461219903082,233,0.00606872886419,239,0.00643114745617
../clean_imgs/playboy_imgs/Playboy - 1978-09 - cover.jpeg,65,0.0064269634895,236,0.00409358879551,227,0.00566329620779
../clean_imgs/playboy_imgs/Playboy - 1978-10 - cover.jpeg,71,0.00666603678837,41,0.00442950194702,159,0.00676852371544
../clean_imgs/playboy_imgs/Playboy - 1978-11 - cover.jpeg,70,0.0057168090716,73,0.00374985928647,140,0.00390960695222
../clean_imgs/playboy_imgs/Playboy - 1978-12 - cover.jpeg,100,0.00502900127321,143,0.00454920623451,95,0.00329065648839
../clean_imgs/playboy_imgs/Playboy - 1979-01 - cover.jpeg,179,0.0129462815821,188,0.0103054540232,181,0.00981624051929
../clean_imgs/playboy_imgs/Playboy - 1979-02 - cover.jpeg,79,0.00424454919994,221,0.00451410422102,223,0.00561906443909
../clean_imgs/playboy_imgs/Playboy - 1979-03 - cover.jpeg,52,0.00908921100199,49,0.00646160263568,49,0.00602569710463
../clean_imgs/playboy_imgs/Playboy - 1979-04 - cover.jpeg,79,0.00501829525456,61,0.00348212453537,242,0.00304916361347
../clean_imgs/playboy_imgs/Playboy - 1979-05 - cover.jpeg,103,0.00335475546308,159,0.00387523253448,206,0.00490539288148
../clean_imgs/playboy_imgs/Playboy - 1979-06 - cover.jpeg,112,0.00635528750718,221,0.0045713186264,230,0.00614346005023
../clean_imgs/playboy_imgs/Playboy - 1979-07 - cover.jpeg,56,0.00665689865127,244,0.00462368875742,239,0.00576589116827
../clean_imgs/playboy_imgs/Playboy - 1979-08 - cover.jpeg,95,0.00604077195749,60,0.0038667274639,160,0.0055459709838
../clean_imgs/playboy_imgs/Playboy - 1979-09 - cover.jpeg,62,0.00524983601645,224,0.00399349723011,225,0.00408547138795
../clean_imgs/playboy_imgs/Playboy - 1979-10 - cover.jpeg,48,0.00622469605878,49,0.00472563924268,63,0.00472420919687
../clean_imgs/playboy_imgs/Playboy - 1979-11 - cover.jpeg,103,0.00480521097779,111,0.00305215921253,223,0.00355293881148
../clean_imgs/playboy_imgs/Playboy - 1979-12 - cover.jpeg,172,0.00616830727085,158,0.0060484688729,104,0.00534345721826
../clean_imgs/playboy_imgs/Playboy - 1980-01 - cover.jpeg,82,0.00653867097571,54,0.00482995063066,108,0.00326605630107
../clean_imgs/playboy_imgs/Playboy - 1980-02 - cover.jpeg,179,0.00435424922034,219,0.00450229644775,218,0.00525210425258
../clean_imgs/playboy_imgs/Playboy - 1980-03 - cover.jpeg,170,0.00704018678516,164,0.00487244129181,193,0.00508307106793
../clean_imgs/playboy_imgs/Playboy - 1980-04 - cover.jpeg,116,0.00564634054899,72,0.00581168010831,92,0.00516382558271
../clean_imgs/playboy_imgs/Playboy - 1980-05 - cover.jpeg,47,0.00462645525113,111,0.00348529731855,237,0.0024232994765
../clean_imgs/playboy_imgs/Playboy - 1980-06 - cover.jpeg,70,0.0052599851042,79,0.00397191382945,72,0.00380577705801
../clean_imgs/playboy_imgs/Playboy - 1980-07 - cover.jpeg,41,0.00517807016149,172,0.0029345524963,233,0.00351136480458
../clean_imgs/playboy_imgs/Playboy - 1980-08 - cover.jpeg,77,0.00432085199282,86,0.00395678216591,196,0.00285124289803
../clean_imgs/playboy_imgs/Playboy - 1980-09 - cover.jpeg,108,0.00581286521628,231,0.00441755680367,233,0.00538646476343
../clean_imgs/playboy_imgs/Playboy - 1980-10 - cover.jpeg,70,0.00803482253104,66,0.00500536710024,74,0.0042677372694
../clean_imgs/playboy_imgs/Playboy - 1980-11 - cover.jpeg,170,0.00627518817782,202,0.0035335838329,197,0.00358943222091
../clean_imgs/playboy_imgs/Playboy - 1980-12 - cover.jpeg,71,0.0114387627691,40,0.00572923244908,130,0.00725210597739
../clean_imgs/playboy_imgs/Playboy - 1981-01 - cover.jpeg,53,0.00398512743413,49,0.00353115121834,40,0.00354645843618
../clean_imgs/playboy_imgs/Playboy - 1981-02 - cover.jpeg,73,0.00448941159993,146,0.0025472547859,170,0.00250796228647
../clean_imgs/playboy_imgs/Playboy - 1981-03 - cover.jpeg,49,0.0096396561712,42,0.00639802031219,41,0.00605048285797
../clean_imgs/playboy_imgs/Playboy - 1981-04 - cover.jpeg,112,0.00513970153406,152,0.00338906887919,197,0.00335953198373
../clean_imgs/playboy_imgs/Playboy - 1981-05 - cover.jpeg,102,0.00408673705533,143,0.00387718691491,227,0.00306771765463
../clean_imgs/playboy_imgs/Playboy - 1981-06 - cover.jpeg,55,0.00372452451847,229,0.00360081694089,235,0.0055080326274
../clean_imgs/playboy_imgs/Playboy - 1981-07 - cover.jpeg,70,0.0056386012584,61,0.00466185389087,72,0.00304417707957
../clean_imgs/playboy_imgs/Playboy - 1981-08 - cover.jpeg,46,0.00354636250995,1,0.00224416959099,156,0.0022411046084
../clean_imgs/playboy_imgs/Playboy - 1981-09 - cover.jpeg,59,0.00780309503898,62,0.00513053173199,50,0.00396955339238
../clean_imgs/playboy_imgs/Playboy - 1981-10 - cover.jpeg,128,0.00368287996389,228,0.00603923434392,221,0.00747304828838
../clean_imgs/playboy_imgs/Playboy - 1981-11 - cover.jpeg,70,0.00512915896252,54,0.00473534036428,61,0.00442794151604
../clean_imgs/playboy_imgs/Playboy - 1981-12 - cover.jpeg,48,0.00423892308027,0,0.00360223767348,152,0.00403002323583
../clean_imgs/playboy_imgs/Playboy - 1982-01 - cover.jpeg,47,0.00742744095623,41,0.00388672435656,36,0.00331992446445
../clean_imgs/playboy_imgs/Playboy - 1982-02 - cover.jpeg,63,0.00424354942515,189,0.00260940403678,223,0.00525466166437
../clean_imgs/playboy_imgs/Playboy - 1982-03 - cover.jpeg,83,0.00554075278342,99,0.00366380228661,172,0.00319434772246
../clean_imgs/playboy_imgs/Playboy - 1982-04 - cover.jpeg,145,0.00326210842468,148,0.00331576913595,114,0.00297334324569
../clean_imgs/playboy_imgs/Playboy - 1982-05 - cover.jpeg,48,0.0051681548357,0,0.00392531929538,43,0.00295234518126
../clean_imgs/playboy_imgs/Playboy - 1982-06 - cover.jpeg,172,0.00610032211989,230,0.00725007522851,232,0.00900931190699
../clean_imgs/playboy_imgs/Playboy - 1982-07 - cover.jpeg,54,0.00881163775921,48,0.00508533651009,124,0.00521571282297
../clean_imgs/playboy_imgs/Playboy - 1982-08 - cover.jpeg,49,0.00918725505471,61,0.00466414866969,236,0.00354689871892
../clean_imgs/playboy_imgs/Playboy - 1982-09 - cover.jpeg,100,0.00727198412642,245,0.00981000438333,237,0.00848200917244
../clean_imgs/playboy_imgs/Playboy - 1982-10 - cover.jpeg,58,0.00692809885368,41,0.00504768081009,150,0.00336207658984
../clean_imgs/playboy_imgs/Playboy - 1982-11 - cover.jpeg,74,0.00435910606757,221,0.00305008585565,66,0.00321988388896
../clean_imgs/playboy_imgs/Playboy - 1982-12 - cover.jpeg,83,0.00617087353021,235,0.00385454739444,232,0.00424580974504
../clean_imgs/playboy_imgs/Playboy - 1983-01 - cover.jpeg,38,0.00786464754492,31,0.00676096603274,14,0.00557428551838
../clean_imgs/playboy_imgs/Playboy - 1983-02 - cover.jpeg,160,0.00405890215188,255,0.00311214476824,254,0.00434255134314
../clean_imgs/playboy_imgs/Playboy - 1983-03 - cover.jpeg,125,0.0058023170568,236,0.00810935068876,238,0.00846497435123
../clean_imgs/playboy_imgs/Playboy - 1983-04 - cover.jpeg,172,0.00384346931241,230,0.00437771715224,220,0.00549056241289
../clean_imgs/playboy_imgs/Playboy - 1983-05 - cover.jpeg,104,0.00443272013217,164,0.00386416073889,230,0.00306078419089
../clean_imgs/playboy_imgs/Playboy - 1983-06 - cover.jpeg,176,0.0049541615881,161,0.00331120751798,218,0.00520698959008
../clean_imgs/playboy_imgs/Playboy - 1983-07 - cover.jpeg,66,0.007877885364,59,0.00486485240981,71,0.00345091708004
../clean_imgs/playboy_imgs/Playboy - 1983-08 - cover.jpeg,42,0.00817379262298,41,0.00635289819911,46,0.00579506484792
../clean_imgs/playboy_imgs/Playboy - 1983-09 - cover.jpeg,126,0.00451335171238,160,0.00256721535698,212,0.00482672313228
../clean_imgs/playboy_imgs/Playboy - 1983-10 - cover.jpeg,66,0.00640675891191,61,0.00292369909585,232,0.00379721913487
../clean_imgs/playboy_imgs/Playboy - 1983-11 - cover.jpeg,68,0.00607820227742,71,0.00343753700145,220,0.0033635282889
../clean_imgs/playboy_imgs/Playboy - 1983-12 - cover.jpeg,58,0.00497186137363,224,0.00306472438388,228,0.00475943554193
../clean_imgs/playboy_imgs/Playboy - 1984-01 - cover.jpeg,36,0.0081371916458,32,0.00706202955917,27,0.00691142724827
../clean_imgs/playboy_imgs/Playboy - 1984-02 - cover.jpeg,58,0.00652644736692,54,0.00448553217575,248,0.00274605094455
../clean_imgs/playboy_imgs/Playboy - 1984-03 - cover.jpeg,30,0.00507603539154,30,0.00454025156796,37,0.00410046149045
../clean_imgs/playboy_imgs/Playboy - 1984-04 - cover.jpeg,166,0.00928385835141,136,0.00590476673096,134,0.00545450206846
../clean_imgs/playboy_imgs/Playboy - 1984-05 - cover.jpeg,42,0.00570287089795,48,0.00501386495307,48,0.00423412118107
../clean_imgs/playboy_imgs/Playboy - 1984-06 - cover.jpeg,61,0.00448269303888,53,0.00261357659474,58,0.00251815700904
../clean_imgs/playboy_imgs/Playboy - 1984-07 - cover.jpeg,30,0.00273401127197,182,0.00368493259884,179,0.00337344151922
../clean_imgs/playboy_imgs/Playboy - 1984-08 - cover.jpeg,78,0.00636919774115,226,0.00504380324855,223,0.00514851044863
../clean_imgs/playboy_imgs/Playboy - 1984-09 - cover.jpeg,85,0.00400187540799,217,0.00382302957587,217,0.00460893427953
../clean_imgs/playboy_imgs/Playboy - 1984-10 - cover.jpeg,72,0.00720059499145,72,0.00487494142726,155,0.00373513484374
../clean_imgs/playboy_imgs/Playboy - 1984-11 - cover.jpeg,48,0.00757119525224,43,0.00450540939346,40,0.00482291076332
../clean_imgs/playboy_imgs/Playboy - 1984-12 - cover.jpeg,178,0.00516692781821,0,0.00332911079749,157,0.00391023652628
../clean_imgs/playboy_imgs/Playboy - 1985-01 - cover.jpeg,31,0.00775386346504,35,0.00530289206654,31,0.0042612995021
../clean_imgs/playboy_imgs/Playboy - 1985-02 - cover.jpeg,75,0.00543626584113,245,0.00515689328313,237,0.00590679654852
../clean_imgs/playboy_imgs/Playboy - 1985-03 - cover.jpeg,44,0.00526333600283,60,0.00422131782398,63,0.00390974711627
../clean_imgs/playboy_imgs/Playboy - 1985-04 - cover.jpeg,85,0.00570260034874,192,0.00344228255562,191,0.00418422138318
../clean_imgs/playboy_imgs/Playboy - 1985-05 - cover.jpeg,40,0.0031965165399,164,0.0034489473328,82,0.00321225798689
../clean_imgs/playboy_imgs/Playboy - 1985-06 - cover.jpeg,95,0.00483036413789,234,0.00330095388927,243,0.00400261115283
../clean_imgs/playboy_imgs/Playboy - 1985-07 - cover.jpeg,43,0.00589242577553,42,0.0036404368002,234,0.00382567429915
../clean_imgs/playboy_imgs/Playboy - 1985-08 - cover.jpeg,69,0.00605262164026,63,0.00450124684721,43,0.00317119294778
../clean_imgs/playboy_imgs/Playboy - 1985-09 - cover.jpeg,48,0.00798175763339,214,0.00513817649335,226,0.00528190517798
../clean_imgs/playboy_imgs/Playboy - 1985-10 - cover.jpeg,89,0.00541597511619,210,0.0053421119228,209,0.00617430359125
../clean_imgs/playboy_imgs/Playboy - 1985-11 - cover.jpeg,45,0.0061234338209,41,0.00442187814042,235,0.003134066239
../clean_imgs/playboy_imgs/Playboy - 1985-12 - cover.jpeg,33,0.0053010485135,31,0.00464878324419,32,0.00397722050548
../clean_imgs/playboy_imgs/Playboy - 1986-01 - cover.jpeg,59,0.0101923663169,7,0.00436541531235,157,0.00823130086064
../clean_imgs/playboy_imgs/Playboy - 1986-02 - cover.jpeg,39,0.00850483961403,36,0.00662125647068,62,0.00291110225953
../clean_imgs/playboy_imgs/Playboy - 1986-03 - cover.jpeg,61,0.0062582376413,235,0.006065484602,232,0.00677370838821
../clean_imgs/playboy_imgs/Playboy - 1986-04 - cover.jpeg,41,0.00465724198148,49,0.00379964569584,233,0.0033777107019
../clean_imgs/playboy_imgs/Playboy - 1986-05 - cover.jpeg,42,0.00453364429995,1,0.00263676978648,159,0.00467189587653
../clean_imgs/playboy_imgs/Playboy - 1986-06 - cover.jpeg,146,0.00355936517008,235,0.00437412969768,227,0.0062770396471
../clean_imgs/playboy_imgs/Playboy - 1986-07 - cover.jpeg,146,0.00564624555409,72,0.00592152914032,68,0.00518803158775
../clean_imgs/playboy_imgs/Playboy - 1986-08 - cover.jpeg,53,0.00397711526603,39,0.0038296233397,148,0.0029175078962
../clean_imgs/playboy_imgs/Playboy - 1986-09 - cover.jpeg,75,0.00354855298065,1,0.00277043320239,158,0.00300615723245
../clean_imgs/playboy_imgs/Playboy - 1986-10 - cover.jpeg,31,0.00387151958421,32,0.00296899257228,66,0.00330612016842
../clean_imgs/playboy_imgs/Playboy - 1986-11 - cover.jpeg,40,0.00395235884935,0,0.00311115337536,158,0.00250654481351
../clean_imgs/playboy_imgs/Playboy - 1986-12 - cover.jpeg,62,0.00636068359017,32,0.0050283242017,132,0.00266865873709
../clean_imgs/playboy_imgs/Playboy - 1987-01 - cover.jpeg,179,0.0118914991617,252,0.00833524856716,251,0.00854381360114
../clean_imgs/playboy_imgs/Playboy - 1987-02 - cover.jpeg,1,0.0102302767336,1,0.0068952194415,1,0.00807418487966
../clean_imgs/playboy_imgs/Playboy - 1987-03 - cover.jpeg,84,0.00621495395899,72,0.0033730014693,135,0.00269261049107
../clean_imgs/playboy_imgs/Playboy - 1987-04 - cover.jpeg,178,0.00433943560347,68,0.00473570311442,78,0.00345191289671
../clean_imgs/playboy_imgs/Playboy - 1987-05 - cover.jpeg,111,0.00463423738256,241,0.00747987022623,238,0.00823127198964
../clean_imgs/playboy_imgs/Playboy - 1987-06 - cover.jpeg,168,0.0048509943299,79,0.00395405711606,68,0.00448849145323
../clean_imgs/playboy_imgs/Playboy - 1987-07 - cover.jpeg,81,0.00909604504704,88,0.00441768066958,245,0.00362654938363
../clean_imgs/playboy_imgs/Playboy - 1987-08 - cover.jpeg,105,0.00475799059495,66,0.00410602008924,238,0.00423695193604
../clean_imgs/playboy_imgs/Playboy - 1987-09 - cover.jpeg,63,0.00543689820915,255,0.0226223096251,255,0.0182380862534
../clean_imgs/playboy_imgs/Playboy - 1987-10 - cover.jpeg,12,0.00287895044312,225,0.00667849462479,231,0.00685473857448
../clean_imgs/playboy_imgs/Playboy - 1987-11 - cover.jpeg,55,0.00519310357049,234,0.00312655535527,234,0.00451745977625
../clean_imgs/playboy_imgs/Playboy - 1987-12 - cover.jpeg,48,0.00644584232941,36,0.00540816551074,39,0.00481262383983
../clean_imgs/playboy_imgs/Playboy - 1988-01 - cover.jpeg,21,0.0097567839548,21,0.00811090599746,21,0.00892226304859
../clean_imgs/playboy_imgs/Playboy - 1988-02 - cover.jpeg,26,0.00941597297788,255,0.00903739780188,255,0.00926846358925
../clean_imgs/playboy_imgs/Playboy - 1988-03 - cover.jpeg,17,0.0060413274914,15,0.00652458984405,32,0.00440032826737
../clean_imgs/playboy_imgs/Playboy - 1988-04 - cover.jpeg,21,0.0222954973578,21,0.0162932984531,21,0.0159455314279
../clean_imgs/playboy_imgs/Playboy - 1988-05 - cover.jpeg,151,0.00593788083643,225,0.00929393433034,235,0.0100380666554
../clean_imgs/playboy_imgs/Playboy - 1988-06 - cover.jpeg,21,0.0126139661297,21,0.0100029502064,21,0.0106505509466
../clean_imgs/playboy_imgs/Playboy - 1988-07 - cover.jpeg,21,0.00605846755207,18,0.00430263485759,24,0.00407662894577
../clean_imgs/playboy_imgs/Playboy - 1988-08 - cover.jpeg,17,0.00871065817773,17,0.00886388961226,17,0.00677078450099
../clean_imgs/playboy_imgs/Playboy - 1988-09 - cover.jpeg,128,0.00488578667864,1,0.00441568205133,60,0.00443782657385
../clean_imgs/playboy_imgs/Playboy - 1988-10 - cover.jpeg,21,0.0084432894364,21,0.0060451105237,21,0.00595937808976
../clean_imgs/playboy_imgs/Playboy - 1988-11 - cover.jpeg,173,0.00316839572042,204,0.00474873185158,210,0.0053613926284
../clean_imgs/playboy_imgs/Playboy - 1988-12 - cover.jpeg,25,0.00728650856763,16,0.00640232255682,26,0.00538779888302
../clean_imgs/playboy_imgs/Playboy - 1989-01 - cover.jpeg,51,0.0117211127654,32,0.00757161527872,39,0.00857962761074
../clean_imgs/playboy_imgs/Playboy - 1989-02 - cover.jpeg,74,0.00820284988731,254,0.0100972633809,253,0.0119055127725
../clean_imgs/playboy_imgs/Playboy - 1989-03 - cover.jpeg,42,0.00523531390354,35,0.00465008569881,31,0.00391571596265
../clean_imgs/playboy_imgs/Playboy - 1989-04 - cover.jpeg,107,0.0051069362089,231,0.00701387319714,235,0.00787207204849
../clean_imgs/playboy_imgs/Playboy - 1989-05 - cover.jpeg,44,0.00955604016781,49,0.00685208849609,51,0.00550184678286
../clean_imgs/playboy_imgs/Playboy - 1989-06 - cover.jpeg,90,0.00582417752594,241,0.00746851600707,241,0.00797296594828
../clean_imgs/playboy_imgs/Playboy - 1989-07 - cover.jpeg,151,0.00528258411214,105,0.00638882722706,91,0.00648088566959
../clean_imgs/playboy_imgs/Playboy - 1989-08 - cover.jpeg,81,0.00426348205656,235,0.00473547214642,231,0.00548499030992
../clean_imgs/playboy_imgs/Playboy - 1989-09 - cover.jpeg,110,0.00297915749252,169,0.00326366396621,223,0.00411598524079
../clean_imgs/playboy_imgs/Playboy - 1989-10 - cover.jpeg,68,0.0026007196866,255,0.0117599675432,255,0.00956082250923
../clean_imgs/playboy_imgs/Playboy - 1989-11 - cover.jpeg,93,0.00563053414226,49,0.00329889473505,213,0.00383804738522
../clean_imgs/playboy_imgs/Playboy - 1989-12 - cover.jpeg,44,0.00665929773822,26,0.00588838709518,39,0.00513270031661
../clean_imgs/playboy_imgs/Playboy - 1990-01 - cover.jpeg,63,0.00542540336028,229,0.00860267039388,232,0.0081353886053
../clean_imgs/playboy_imgs/Playboy - 1990-02 - cover.jpeg,66,0.0050361007452,245,0.00777501892298,248,0.00793353933841
../clean_imgs/playboy_imgs/Playboy - 1990-03 - cover.jpeg,39,0.00919789168984,32,0.00722305336967,238,0.00730778090656
../clean_imgs/playboy_imgs/Playboy - 1990-04 - cover.jpeg,128,0.00494924886152,234,0.00979249924421,237,0.0106138214469
../clean_imgs/playboy_imgs/Playboy - 1990-05 - cover.jpeg,34,0.00738340429962,37,0.00390370911919,239,0.00249999226071
../clean_imgs/playboy_imgs/Playboy - 1990-06 - cover.jpeg,46,0.00797852315009,41,0.00519068073481,39,0.00521665625274
../clean_imgs/playboy_imgs/Playboy - 1990-07 - cover.jpeg,165,0.00380977243185,255,0.00382047449239,252,0.00536933355033
../clean_imgs/playboy_imgs/Playboy - 1990-08 - cover.jpeg,43,0.0050340751186,244,0.00435751769692,247,0.00482939230278
../clean_imgs/playboy_imgs/Playboy - 1990-09 - cover.jpeg,169,0.00483627291396,168,0.00365149136633,174,0.00446421978995
../clean_imgs/playboy_imgs/Playboy - 1990-10 - cover.jpeg,161,0.00489684101194,175,0.00459208339453,209,0.00558577757329
../clean_imgs/playboy_imgs/Playboy - 1990-11 - cover.jpeg,47,0.00514440983534,48,0.00440743146464,221,0.0033312921878
../clean_imgs/playboy_imgs/Playboy - 1990-12 - cover.jpeg,54,0.0068816523999,41,0.00467986427248,39,0.00488700764254
../clean_imgs/playboy_imgs/Playboy - 1991-01 - cover.jpeg,174,0.00414238451049,168,0.00348712317646,205,0.0045887734741
../clean_imgs/playboy_imgs/Playboy - 1991-02 - cover.jpeg,4,0.00635163998231,2,0.00762457866222,109,0.00496599636972
../clean_imgs/playboy_imgs/Playboy - 1991-03 - cover.jpeg,43,0.0055248439312,49,0.00343080447055,87,0.00210811547004
../clean_imgs/playboy_imgs/Playboy - 1991-04 - cover.jpeg,177,0.00382248661481,230,0.00526899425313,234,0.00568742258474
../clean_imgs/playboy_imgs/Playboy - 1991-05 - cover.jpeg,135,0.00396388489753,164,0.00459318887442,208,0.00570478243753
../clean_imgs/playboy_imgs/Playboy - 1991-06 - cover.jpeg,100,0.00438660755754,229,0.00375388772227,232,0.00507907336578
../clean_imgs/playboy_imgs/Playboy - 1991-07 - cover.jpeg,80,0.0103780217469,202,0.0076545253396,239,0.00967994332314
../clean_imgs/playboy_imgs/Playboy - 1991-08 - cover.jpeg,0,0.0143362628296,2,0.0121174128726,140,0.00635118223727
../clean_imgs/playboy_imgs/Playboy - 1991-09 - cover.jpeg,140,0.00423825951293,61,0.00683528231457,45,0.00484186224639
../clean_imgs/playboy_imgs/Playboy - 1991-10 - cover.jpeg,92,0.00570496590808,252,0.00622495170683,248,0.00698759267107
../clean_imgs/playboy_imgs/Playboy - 1991-11 - cover.jpeg,50,0.00592752778903,36,0.00689635751769,40,0.00748646724969
../clean_imgs/playboy_imgs/Playboy - 1991-12 - cover.jpeg,63,0.00506637385115,233,0.00429003546014,238,0.00517548248172
../clean_imgs/playboy_imgs/Playboy - 1992-01 - cover.jpeg,80,0.00704970397055,41,0.00512807257473,33,0.00577111775056
../clean_imgs/playboy_imgs/Playboy - 1992-02 - cover.jpeg,69,0.00420534191653,58,0.00286991964094,238,0.0049122273922
../clean_imgs/playboy_imgs/Playboy - 1992-03 - cover.jpeg,87,0.00697411969304,61,0.00646298704669,44,0.00606634048745
../clean_imgs/playboy_imgs/Playboy - 1992-04 - cover.jpeg,73,0.00680908421054,244,0.00775157567114,244,0.00883719697595
../clean_imgs/playboy_imgs/Playboy - 1992-05 - cover.jpeg,0,0.00359628000297,6,0.0020360017661,131,0.00379789806902
../clean_imgs/playboy_imgs/Playboy - 1992-06 - cover.jpeg,48,0.00405800715089,235,0.0034933895804,240,0.00446400977671
../clean_imgs/playboy_imgs/Playboy - 1992-07 - cover.jpeg,165,0.00441783806309,212,0.0045216162689,241,0.005894347094
../clean_imgs/playboy_imgs/Playboy - 1992-08 - cover.jpeg,33,0.00588324759156,35,0.00484983343631,34,0.00492548709735
../clean_imgs/playboy_imgs/Playboy - 1992-09 - cover.jpeg,25,0.00415108632296,238,0.0039003060665,241,0.00434919260442
../clean_imgs/playboy_imgs/Playboy - 1992-10 - cover.jpeg,60,0.00670504197478,241,0.0166274346411,244,0.0153990676627
../clean_imgs/playboy_imgs/Playboy - 1992-11 - cover.jpeg,26,0.0120825674385,32,0.00955588649958,27,0.00948545802385
../clean_imgs/playboy_imgs/Playboy - 1992-12 - cover.jpeg,102,0.00683241151273,244,0.00654835253954,248,0.00898987147957
../clean_imgs/playboy_imgs/Playboy - 1993-01 - cover.jpeg,12,0.0117534790188,4,0.0124676348642,5,0.0104849040508
../clean_imgs/playboy_imgs/Playboy - 1993-02 - cover.jpeg,32,0.0111081944779,49,0.00781246135011,152,0.0057217492722
../clean_imgs/playboy_imgs/Playboy - 1993-03 - cover.jpeg,29,0.00594408810139,27,0.00429357541725,25,0.00351806520484
../clean_imgs/playboy_imgs/Playboy - 1993-04 - cover.jpeg,0,0.00418612593785,225,0.00988421030343,229,0.0112638408318
../clean_imgs/playboy_imgs/Playboy - 1993-05 - cover.jpeg,116,0.00542880222201,254,0.0118048014119,254,0.01293699909
../clean_imgs/playboy_imgs/Playboy - 1993-06 - cover.jpeg,161,0.00371981575154,245,0.00311586959288,244,0.00350677920505
../clean_imgs/playboy_imgs/Playboy - 1993-07 - cover.jpeg,58,0.00454237731174,144,0.00377208157443,96,0.00350922858343
../clean_imgs/playboy_imgs/Playboy - 1993-08 - cover.jpeg,2,0.00716219935566,3,0.00655496306717,147,0.00422596884891
../clean_imgs/playboy_imgs/Playboy - 1993-09 - cover.jpeg,179,0.00329074496403,143,0.00352230318822,103,0.00257847877219
../clean_imgs/playboy_imgs/Playboy - 1993-10 - cover.jpeg,58,0.00369786447845,248,0.00615575490519,250,0.00622821971774
../clean_imgs/playboy_imgs/Playboy - 1993-11 - cover.jpeg,26,0.00717398757115,30,0.00509681273252,28,0.00501349102706
../clean_imgs/playboy_imgs/Playboy - 1993-12 - cover.jpeg,41,0.00407577957958,36,0.0034287776798,37,0.00290699419565
../clean_imgs/playboy_imgs/Playboy - 1994-01 - cover.jpeg,37,0.0106462426484,30,0.00756613537669,28,0.00714841391891
../clean_imgs/playboy_imgs/Playboy - 1994-02 - cover.jpeg,0,0.0176720824093,0,0.0167681053281,150,0.00647398130968
../clean_imgs/playboy_imgs/Playboy - 1994-03 - cover.jpeg,27,0.00479948893189,246,0.0080150840804,248,0.00889370869845
../clean_imgs/playboy_imgs/Playboy - 1994-04 - cover.jpeg,63,0.00824725627899,213,0.00496532022953,242,0.00914012268186
../clean_imgs/playboy_imgs/Playboy - 1994-05 - cover.jpeg,30,0.00615952862427,213,0.0076694348827,222,0.00765975890681
../clean_imgs/playboy_imgs/Playboy - 1994-06 - cover.jpeg,122,0.00316268648021,244,0.00256395805627,215,0.00392303988338
../clean_imgs/playboy_imgs/Playboy - 1994-07 - cover.jpeg,34,0.00553259905428,32,0.00314954249188,246,0.00291261775419
../clean_imgs/playboy_imgs/Playboy - 1994-08 - cover.jpeg,32,0.00658270763233,29,0.00399493519217,26,0.00373469595797
../clean_imgs/playboy_imgs/Playboy - 1994-09 - cover.jpeg,77,0.00561136845499,246,0.0073022628203,246,0.00738760922104
../clean_imgs/playboy_imgs/Playboy - 1994-10 - cover.jpeg,46,0.0040786890313,247,0.00622308207676,248,0.00722712883726
../clean_imgs/playboy_imgs/Playboy - 1994-11 - cover.jpeg,41,0.00743809854612,35,0.00567133817822,37,0.00576484808698
../clean_imgs/playboy_imgs/Playboy - 1994-12 - cover.jpeg,47,0.00718058645725,49,0.00373542774469,163,0.0032550606411
../clean_imgs/playboy_imgs/Playboy - 1995-01 - cover.jpeg,30,0.00388174713589,242,0.00602009473369,248,0.00610806373879
../clean_imgs/playboy_imgs/Playboy - 1995-02 - cover.jpeg,57,0.00436028279364,235,0.00339030171745,240,0.0037992449943
../clean_imgs/playboy_imgs/Playboy - 1995-03 - cover.jpeg,53,0.00461091054603,242,0.00325298425741,238,0.0049071921967
../clean_imgs/playboy_imgs/Playboy - 1995-04 - cover.jpeg,57,0.00648011919111,223,0.00296052219346,225,0.00368858734146
../clean_imgs/playboy_imgs/Playboy - 1995-05 - cover.jpeg,135,0.00355592463166,246,0.00337025616318,208,0.00459414068609
../clean_imgs/playboy_imgs/Playboy - 1995-06 - cover.jpeg,148,0.00573726790026,254,0.0130626326427,253,0.0149551825598
../clean_imgs/playboy_imgs/Playboy - 1995-07 - cover.jpeg,62,0.00601650215685,36,0.00352759938687,33,0.00348605914041
../clean_imgs/playboy_imgs/Playboy - 1995-08 - cover.jpeg,121,0.00754291471094,49,0.00636480702087,168,0.00647190585732
../clean_imgs/playboy_imgs/Playboy - 1995-09 - cover.jpeg,53,0.00395739031956,215,0.00315107963979,241,0.00461840676144
../clean_imgs/playboy_imgs/Playboy - 1995-10 - cover.jpeg,56,0.0049459869042,246,0.0105472318828,244,0.0100315436721
../clean_imgs/playboy_imgs/Playboy - 1995-11 - cover.jpeg,56,0.00764077296481,52,0.0049434453249,166,0.0037122182548
../clean_imgs/playboy_imgs/Playboy - 1995-12 - cover.jpeg,1,0.00542708393186,0,0.00438469694927,242,0.00719559844583
../clean_imgs/playboy_imgs/Playboy - 1996-01 - cover.jpeg,43,0.00374459661543,222,0.00606961734593,225,0.00587796512991
../clean_imgs/playboy_imgs/Playboy - 1996-02 - cover.jpeg,30,0.00415494246408,238,0.00503613939509,240,0.0059593715705
../clean_imgs/playboy_imgs/Playboy - 1996-03 - cover.jpeg,6,0.00672824541107,12,0.00586509471759,3,0.00588451931253
../clean_imgs/playboy_imgs/Playboy - 1996-04 - cover.jpeg,70,0.00343737844378,236,0.00665956782177,238,0.00688750622794
../clean_imgs/playboy_imgs/Playboy - 1996-05 - cover.jpeg,69,0.00573625136167,241,0.00333273364231,244,0.00368810049258
../clean_imgs/playboy_imgs/Playboy - 1996-06 - cover.jpeg,45,0.010276209563,49,0.0066532897763,172,0.00879202689976
../clean_imgs/playboy_imgs/Playboy - 1996-07 - cover.jpeg,1,0.00457277614623,1,0.00380354980007,173,0.00522194663063
../clean_imgs/playboy_imgs/Playboy - 1996-08 - cover.jpeg,53,0.00575286429375,207,0.00337888998911,191,0.00460365228355
../clean_imgs/playboy_imgs/Playboy - 1996-09 - cover.jpeg,174,0.00435628928244,254,0.00803345628083,253,0.0088065713644
../clean_imgs/playboy_imgs/Playboy - 1996-10 - cover.jpeg,33,0.00869891047478,32,0.00543206604198,30,0.00598498620093
../clean_imgs/playboy_imgs/Playboy - 1996-11 - cover.jpeg,44,0.00543739553541,169,0.00236527901143,234,0.00339698791504
../clean_imgs/playboy_imgs/Playboy - 1996-12 - cover.jpeg,46,0.00366096105427,164,0.00276917847805,203,0.0027045214083
../clean_imgs/playboy_imgs/Playboy - 1997-01 - cover.jpeg,36,0.0114135527983,32,0.00852464511991,31,0.00963796488941
../clean_imgs/playboy_imgs/Playboy - 1997-02 - cover.jpeg,153,0.00224758335389,250,0.00426522921771,245,0.00493184989318
../clean_imgs/playboy_imgs/Playboy - 1997-03 - cover.jpeg,49,0.0047793709673,49,0.00397034082562,71,0.00279437913559
../clean_imgs/playboy_imgs/Playboy - 1997-04 - cover.jpeg,30,0.00543821370229,32,0.00329003925435,33,0.00351863121614
../clean_imgs/playboy_imgs/Playboy - 1997-05 - cover.jpeg,32,0.00508198235184,29,0.00411496078596,31,0.00402135029435
../clean_imgs/playboy_imgs/Playboy - 1997-06 - cover.jpeg,48,0.00343725341372,241,0.00658256839961,242,0.00767141021788
../clean_imgs/playboy_imgs/Playboy - 1997-07 - cover.jpeg,41,0.00246728956699,187,0.0025212103501,207,0.00329097686335
../clean_imgs/playboy_imgs/Playboy - 1997-08 - cover.jpeg,7,0.0029564963188,1,0.00300985760987,2,0.00240196404047
../clean_imgs/playboy_imgs/Playboy - 1997-09 - cover.jpeg,118,0.00411330163479,160,0.00411981716752,189,0.00552881835029
../clean_imgs/playboy_imgs/Playboy - 1997-10 - cover.jpeg,1,0.00806254148483,1,0.00940118171275,1,0.0101259062067
../clean_imgs/playboy_imgs/Playboy - 1997-11 - cover.jpeg,98,0.0041307862848,240,0.00581118976697,236,0.00632779067382
../clean_imgs/playboy_imgs/Playboy - 1997-12 - cover.jpeg,61,0.00594635121524,66,0.0039633307606,161,0.00502775702626
../clean_imgs/playboy_imgs/Playboy - 1998-01 - cover.jpeg,47,0.00269195204601,33,0.00292879738845,31,0.00371756940149
../clean_imgs/playboy_imgs/Playboy - 1998-02 - cover.jpeg,36,0.00907575618476,241,0.0069355648011,242,0.00686076330021
../clean_imgs/playboy_imgs/Playboy - 1998-03 - cover.jpeg,72,0.00350677059032,179,0.00348982121795,226,0.00393286347389
../clean_imgs/playboy_imgs/Playboy - 1998-04 - cover.jpeg,30,0.00399345811456,0,0.0035179653205,32,0.00318951462395
../clean_imgs/playboy_imgs/Playboy - 1998-05 - cover.jpeg,78,0.00466865021735,255,0.0153055842966,253,0.0146956276149
../clean_imgs/playboy_imgs/Playboy - 1998-06 - cover.jpeg,62,0.00475638359785,252,0.00601568166167,251,0.00663482025266
../clean_imgs/playboy_imgs/Playboy - 1998-07 - cover.jpeg,68,0.00431293109432,41,0.00409308308735,47,0.00339193711989
../clean_imgs/playboy_imgs/Playboy - 1998-08 - cover.jpeg,52,0.00479936320335,207,0.00256118411198,240,0.00328433630057
../clean_imgs/playboy_imgs/Playboy - 1998-09 - cover.jpeg,3,0.00285851885565,228,0.00459686061367,236,0.00558380503207
../clean_imgs/playboy_imgs/Playboy - 1998-10 - cover.jpeg,179,0.00432337494567,61,0.00228813337162,213,0.00357434200123
../clean_imgs/playboy_imgs/Playboy - 1998-11 - cover.jpeg,126,0.00416563684121,242,0.00542648416013,244,0.00637478241697
../clean_imgs/playboy_imgs/Playboy - 1998-12 - cover.jpeg,39,0.00306325568818,170,0.00197915849276,177,0.00339579232968
../clean_imgs/playboy_imgs/Playboy - 1999-01 - cover.jpeg,67,0.00272645638324,130,0.00237279641442,143,0.00202631112188
../clean_imgs/playboy_imgs/Playboy - 1999-02 - cover.jpeg,121,0.00283987494186,141,0.00239321682602,182,0.00385918514803
../clean_imgs/playboy_imgs/Playboy - 1999-03 - cover.jpeg,30,0.00620418367907,33,0.00486156810075,31,0.00407485617325
../clean_imgs/playboy_imgs/Playboy - 1999-04 - cover.jpeg,31,0.00430042250082,245,0.00536517892033,247,0.00596584938467
../clean_imgs/playboy_imgs/Playboy - 1999-05 - cover.jpeg,103,0.0042384644039,126,0.00327069265768,195,0.00389743107371
../clean_imgs/playboy_imgs/Playboy - 1999-06 - cover.jpeg,26,0.00727333966643,0,0.00918542314321,12,0.0057528577745
../clean_imgs/playboy_imgs/Playboy - 1999-07 - cover.jpeg,59,0.00703933555633,60,0.0039791543968,146,0.00300310272723
../clean_imgs/playboy_imgs/Playboy - 1999-08 - cover.jpeg,109,0.00416516140103,73,0.00499464292079,56,0.00500488374382
../clean_imgs/playboy_imgs/Playboy - 1999-09 - cover.jpeg,16,0.00478138634935,0,0.00441548740491,5,0.00385289569385
../clean_imgs/playboy_imgs/Playboy - 1999-10 - cover.jpeg,10,0.00237612985075,254,0.00982170924544,253,0.0105052739382
../clean_imgs/playboy_imgs/Playboy - 1999-11 - cover.jpeg,69,0.00745740858838,73,0.00523592857644,213,0.00681430986151
../clean_imgs/playboy_imgs/Playboy - 1999-12 - cover.jpeg,67,0.00558903999627,88,0.00238497788087,134,0.00323161575943
../clean_imgs/playboy_imgs/Playboy - 2000-01 - cover.jpeg,48,0.00499120960012,50,0.0030172963161,202,0.00311400159262
../clean_imgs/playboy_imgs/Playboy - 2000-02 - cover.jpeg,45,0.00409707147628,40,0.00371218658984,219,0.00276227318682
../clean_imgs/playboy_imgs/Playboy - 2000-03 - cover.jpeg,89,0.00445309467614,226,0.00535678630695,234,0.00713201053441
../clean_imgs/playboy_imgs/Playboy - 2000-04 - cover.jpeg,113,0.0032108228188,245,0.00265271798708,219,0.00278314785101
../clean_imgs/playboy_imgs/Playboy - 2000-05 - cover.jpeg,122,0.00464510917664,255,0.0126410061494,255,0.0117518352345
../clean_imgs/playboy_imgs/Playboy - 2000-06 - cover.jpeg,161,0.00471379468217,73,0.00380374467932,159,0.00566048873588
../clean_imgs/playboy_imgs/Playboy - 2000-07 - cover.jpeg,99,0.00287009449676,254,0.00290793413296,53,0.003530531656
../clean_imgs/playboy_imgs/Playboy - 2000-08 - cover.jpeg,101,0.00377981644124,228,0.00510657345876,231,0.00546713219956
../clean_imgs/playboy_imgs/Playboy - 2000-09 - cover.jpeg,88,0.00665989611298,111,0.00452469894662,167,0.00419069407508
../clean_imgs/playboy_imgs/Playboy - 2000-10 - cover.jpeg,121,0.00540408538654,67,0.00578641192988,72,0.00528089236468
../clean_imgs/playboy_imgs/Playboy - 2000-11 - cover.jpeg,1,0.00564162945375,228,0.00698069762439,231,0.00722411833704
../clean_imgs/playboy_imgs/Playboy - 2000-12 - cover.jpeg,29,0.00380505644716,0,0.00377483479679,5,0.00247624330223
../clean_imgs/playboy_imgs/Playboy - 2001-01 - cover.jpeg,27,0.0057257078588,26,0.00463218707591,26,0.00442962581292
../clean_imgs/playboy_imgs/Playboy - 2001-02 - cover.jpeg,145,0.00399917457253,111,0.00405859714374,178,0.00479261064902
../clean_imgs/playboy_imgs/Playboy - 2001-03 - cover.jpeg,38,0.00407456792891,32,0.00259318924509,225,0.0037974352017
../clean_imgs/playboy_imgs/Playboy - 2001-04 - cover.jpeg,120,0.00540066091344,58,0.00332255847752,113,0.00321626733057
../clean_imgs/playboy_imgs/Playboy - 2001-05 - cover.jpeg,38,0.00588698824868,32,0.00404866458848,222,0.00305478135124
../clean_imgs/playboy_imgs/Playboy - 2001-06 - cover.jpeg,94,0.00571343721822,254,0.00780222145841,253,0.00844330806285
../clean_imgs/playboy_imgs/Playboy - 2001-07 - cover.jpeg,53,0.00574159668759,134,0.00284199556336,177,0.00430908380076
../clean_imgs/playboy_imgs/Playboy - 2001-08 - cover.jpeg,61,0.00477383378893,63,0.00315129035152,201,0.00281085050665
../clean_imgs/playboy_imgs/Playboy - 2001-09 - cover.jpeg,94,0.00232119811699,168,0.0022361848969,235,0.00276084500365
../clean_imgs/playboy_imgs/Playboy - 2001-10 - cover.jpeg,71,0.00326124508865,252,0.00845339894295,251,0.00889736507088
../clean_imgs/playboy_imgs/Playboy - 2001-11 - cover.jpeg,127,0.00448915502056,255,0.00443853018805,254,0.00457427371293
../clean_imgs/playboy_imgs/Playboy - 2001-12 - cover.jpeg,89,0.00412110285833,0,0.00319466553628,165,0.00428440608084
../clean_imgs/playboy_imgs/Playboy - 2002-01 - cover.jpeg,15,0.00424797413871,7,0.00612291740254,8,0.00456381123513
../clean_imgs/playboy_imgs/Playboy - 2002-02 - cover.jpeg,130,0.00528601836413,48,0.0046631526202,55,0.0032522638794
../clean_imgs/playboy_imgs/Playboy - 2002-03 - cover.jpeg,0,0.00736191822216,0,0.00619564624503,35,0.00431194668636
../clean_imgs/playboy_imgs/Playboy - 2002-04 - cover.jpeg,61,0.00417988467962,208,0.0054780789651,207,0.00548784481362
../clean_imgs/playboy_imgs/Playboy - 2002-05 - cover.jpeg,50,0.00350849260576,49,0.00246514682658,238,0.00279162451625
../clean_imgs/playboy_imgs/Playboy - 2002-06 - cover.jpeg,72,0.00399390887469,231,0.00205676606856,169,0.00394531572238
../clean_imgs/playboy_imgs/Playboy - 2002-07 - cover.jpeg,179,0.00414220336825,105,0.00330208963715,199,0.0054992265068
../clean_imgs/playboy_imgs/Playboy - 2002-08 - cover.jpeg,44,0.00436955783516,236,0.00444466806948,241,0.00497387815267
../clean_imgs/playboy_imgs/Playboy - 2002-09 - cover.jpeg,48,0.00476048793644,254,0.00270869140513,252,0.00289123272523
../clean_imgs/playboy_imgs/Playboy - 2002-10 - cover.jpeg,151,0.00490073766559,252,0.0140404012054,251,0.0145354028791
../clean_imgs/playboy_imgs/Playboy - 2002-11 - cover.jpeg,35,0.00705847330391,41,0.0046814661473,39,0.00488464953378
../clean_imgs/playboy_imgs/Playboy - 2002-12 - cover.jpeg,40,0.00818700715899,31,0.00561008416116,28,0.00572484079748
../clean_imgs/playboy_imgs/Playboy - 2003-01 - cover.jpeg,39,0.00605604285374,31,0.00319081242196,32,0.00301917269826
../clean_imgs/playboy_imgs/Playboy - 2003-02 - cover.jpeg,0,0.0142094586045,1,0.0091114109382,139,0.00705305300653
../clean_imgs/playboy_imgs/Playboy - 2003-03 - cover.jpeg,48,0.00349575933069,254,0.00796745810658,252,0.00817552302033
../clean_imgs/playboy_imgs/Playboy - 2003-04 - cover.jpeg,73,0.00451878085732,67,0.0034593383316,250,0.0031203662511
../clean_imgs/playboy_imgs/Playboy - 2003-05 - cover.jpeg,47,0.00449346750975,32,0.00336344703101,35,0.00267930608243
../clean_imgs/playboy_imgs/Playboy - 2003-06 - cover.jpeg,67,0.00448161363602,252,0.00716805504635,250,0.00753266969696
../clean_imgs/playboy_imgs/Playboy - 2003-07 - cover.jpeg,100,0.00468655489385,254,0.00930526480079,252,0.00944717228413
../clean_imgs/playboy_imgs/Playboy - 2003-08 - cover.jpeg,62,0.00476169958711,41,0.00241514691152,49,0.00276666693389
../clean_imgs/playboy_imgs/Playboy - 2003-09 - cover.jpeg,75,0.00753048853949,73,0.00492087798193,76,0.0044483654201
../clean_imgs/playboy_imgs/Playboy - 2003-10 - cover.jpeg,48,0.00486457441002,251,0.00573426065966,250,0.00585687812418
../clean_imgs/playboy_imgs/Playboy - 2003-11 - cover.jpeg,136,0.00455369334668,88,0.00281943799928,223,0.00375300319865
../clean_imgs/playboy_imgs/Playboy - 2003-12 - cover.jpeg,27,0.00366518250667,1,0.00356988166459,170,0.00479055661708
../clean_imgs/playboy_imgs/Playboy - 2004-01 - cover.jpeg,13,0.0275557991117,7,0.0234977267683,8,0.0228429939598
../clean_imgs/playboy_imgs/Playboy - 2004-02 - cover.jpeg,36,0.00328049762174,213,0.00463538104668,222,0.00501906545833
../clean_imgs/playboy_imgs/Playboy - 2004-03 - cover.jpeg,17,0.0083263926208,16,0.00668494775891,26,0.00643465667963
../clean_imgs/playboy_imgs/Playboy - 2004-04 - cover.jpeg,39,0.00437016319484,251,0.007621135097,247,0.0080771157518
../clean_imgs/playboy_imgs/Playboy - 2004-05 - cover.jpeg,67,0.00635833619162,59,0.0034105044324,246,0.00413734605536
../clean_imgs/playboy_imgs/Playboy - 2004-06 - cover.jpeg,91,0.00700942706317,61,0.00561948819086,145,0.00569071760401
../clean_imgs/playboy_imgs/Playboy - 2004-07 - cover.jpeg,75,0.00506101548672,255,0.0153549071401,255,0.0153299458325
../clean_imgs/playboy_imgs/Playboy - 2004-08 - cover.jpeg,34,0.00308132334612,225,0.00305975042284,231,0.003059967421
../clean_imgs/playboy_imgs/Playboy - 2004-09 - cover.jpeg,122,0.00458049867302,247,0.00692940736189,248,0.00771901523694
../clean_imgs/playboy_imgs/Playboy - 2004-10 - cover.jpeg,46,0.00330216949806,247,0.00861006695777,249,0.00888993125409
../clean_imgs/playboy_imgs/Playboy - 2004-11 - cover.jpeg,54,0.00783908832818,60,0.00539306597784,113,0.00386049039662
../clean_imgs/playboy_imgs/Playboy - 2004-12 - cover.jpeg,57,0.00316593353637,87,0.00222262600437,206,0.00278781657107
../clean_imgs/playboy_imgs/Playboy - 2005-01 - cover.jpeg,40,0.00850704219192,43,0.00651624659076,47,0.00544557301328
../clean_imgs/playboy_imgs/Playboy - 2005-02 - cover.jpeg,116,0.00424816133454,247,0.00845344550908,249,0.00881598517299
../clean_imgs/playboy_imgs/Playboy - 2005-03 - cover.jpeg,12,0.00382908806205,254,0.00936698354781,254,0.0112616224214
../clean_imgs/playboy_imgs/Playboy - 2005-04 - cover.jpeg,27,0.0091898534447,13,0.00815045274794,19,0.00537823652849
../clean_imgs/playboy_imgs/Playboy - 2005-05 - cover.jpeg,53,0.00330991554074,251,0.00396929774433,243,0.00458579370752
../clean_imgs/playboy_imgs/Playboy - 2005-06 - cover.jpeg,62,0.00395020190626,41,0.00398495048285,39,0.00383352697827
../clean_imgs/playboy_imgs/Playboy - 2005-07 - cover.jpeg,73,0.00356130045839,249,0.00242845108733,242,0.00379122863524
../clean_imgs/playboy_imgs/Playboy - 2005-08 - cover.jpeg,58,0.00424648169428,255,0.0102720968425,255,0.0104588763788
../clean_imgs/playboy_imgs/Playboy - 2005-09 - cover.jpeg,53,0.00437411665916,255,0.0173522494733,255,0.0175907034427
../clean_imgs/playboy_imgs/Playboy - 2005-10 - cover.jpeg,54,0.0202100556344,147,0.0157116018236,226,0.0148901278153
../clean_imgs/playboy_imgs/Playboy - 2005-12 - cover.jpeg,1,0.00493016513065,254,0.0159521959722,254,0.0157011542469
../clean_imgs/playboy_imgs/Playboy - 2006-01 - cover.jpeg,115,0.0180636867881,151,0.0156086347997,167,0.0153778949752
../clean_imgs/playboy_imgs/Playboy - 2006-02 - cover.jpeg,2,0.00472798757255,1,0.00950301811099,226,0.00348673132248
../clean_imgs/playboy_imgs/Playboy - 2006-03 - cover.jpeg,165,0.010373310186,158,0.00861563626677,115,0.00844128616154
../clean_imgs/playboy_imgs/Playboy - 2006-04 - cover.jpeg,170,0.0191394481808,171,0.0137599008158,169,0.0134452860802
../clean_imgs/playboy_imgs/Playboy - 2006-05 - cover.jpeg,52,0.00595273729414,255,0.0197795368731,255,0.0194887369871
../clean_imgs/playboy_imgs/Playboy - 2006-06 - cover.jpeg,1,0.00740398606285,1,0.00631218776107,1,0.00634036259726
../clean_imgs/playboy_imgs/Playboy - 2006-07 - cover.jpeg,32,0.00742179760709,39,0.00506330933422,42,0.00475523294881
../clean_imgs/playboy_imgs/Playboy - 2006-08 - cover.jpeg,62,0.0207255482674,35,0.0160845611244,198,0.0157964061946
../clean_imgs/playboy_imgs/Playboy - 2006-09 - cover.jpeg,147,0.00751131074503,254,0.0120633933693,254,0.0124331638217
../clean_imgs/playboy_imgs/Playboy - 2006-11 - cover.jpeg,1,0.00775889307261,253,0.0155636752024,253,0.0155724911019
../clean_imgs/playboy_imgs/Playboy - 2006-12 - cover.jpeg,30,0.0050929998979,150,0.00320429657586,166,0.00259210495278
../clean_imgs/playboy_imgs/Playboy - 2007-01 - cover.jpeg,170,0.00729053327814,170,0.00612796051428,170,0.00630808388814
../clean_imgs/playboy_imgs/Playboy - 2007-05 - cover.jpeg,87,0.00432936940342,254,0.0149340154603,254,0.0150443799794
